{"blocked_devices": {"18:19:d6:13:06:38": {"vendor": "Samsung Electronics Co."}}, "allowed_devices": {"e0:ca:94:df:8c:e7": {"vendor": "ASKEY COMPUTER CORP"}, "ec:1f:72:1e:8d:30": {"vendor": "SAMSUNG ELECTRO-MECHANICS(THAILAND)"}, "18:19:d6:13:06:38": {"vendor": "Samsung Electronics Co."}}, "connected_devices": {"e0:ca:94:df:8c:e7": {"vendor": "ASKEY COMPUTER CORP", "timestamp": 1633067366}, "ec:1f:72:1e:8d:30": {"vendor": "SAMSUNG ELECTRO-MECHANICS(THAILAND)", "timestamp": 1633067234}, "18:19:d6:13:06:38": {"vendor": "Samsung Electronics Co.", "timestamp": 1633067346}}, "guest_users": {"ec:1f:72:1e:8d:30": {"vendor": "SAMSUNG ELECTRO-MECHANICS(THAILAND)", "duration": 10000}, "18:19:d6:13:06:38": {"vendor": "Samsung Electronics Co."}}}